[
    {
        "version": "1.0.0",
        "updateNotes": "🆕 Now you can set Pretty XML as your default XML formatter.\n Once done you can use formatting keybind to format, default is usually 'Shift + Alt + F'. \n You can still use Pretty XML command key 'Ctrl + K L' too."
    },
    {
        "version": "1.0.1",
        "updateNotes": "🆕 Now you can set Pretty XML as your default XML formatter.\n Once done you can use formatting keybind to format, default is usually 'Shift + Alt + F'. \n You can still use Pretty XML command key 'Ctrl + K L' too."
    },
    {
        "version": "1.0.2",
        "updateNotes": "🆕 Now you can set Pretty XML as your default XML formatter.\n Once done you can use formatting keybind to format, default is usually 'Shift + Alt + F'. \n You can still use Pretty XML command key 'Ctrl + K L' too."
    },
    {
        "version": "1.1.0",
        "updateNotes": "🆕 Now you can set Pretty XML as your default XML formatter.\n Once done you can use formatting keybind to format, default is usually 'Shift + Alt + F'. \n You can still use Pretty XML command key 'Ctrl + K L' too.\n Linux is supported now."
    },
    {
        "version": "1.1.1",
        "updateNotes": "🆕 Now you can set Pretty XML as your default XML formatter.\n Once done you can use formatting keybind to format, default is usually 'Shift + Alt + F'. \n You can still use Pretty XML command key 'Ctrl + K L' too.\n Linux is supported now."
    },
    {
        "version": "1.2.0",
        "updateNotes": "🆕 Now you can set Pretty XML as your default XML formatter.\n Once done you can use formatting keybind to format, default is usually 'Shift + Alt + F'. \n You can still use Pretty XML command key 'Ctrl + K L' too.\n Linux is supported now."
    },
    {
        "version": "1.2.1",
        "updateNotes": "🆕 Now you can set Pretty XML as your default XML formatter.\n Once done you can use formatting keybind to format, default is usually 'Shift + Alt + F'. \n You can still use Pretty XML command key 'Ctrl + K L' too.\n Linux is supported now."
    },
    {
        "version": "1.3.0",
        "updateNotes": "🆕 Now you can set Pretty XML as your default XML formatter.\n Once done you can use formatting keybind to format, default is usually 'Shift + Alt + F'. \n You can still use Pretty XML command key 'Ctrl + K L' too.\n Linux is supported now."
    },
    {
        "version": "1.3.1",
        "updateNotes": "🆕 Now you can set Pretty XML as your default XML formatter.\n Once done you can use formatting keybind to format, default is usually 'Shift + Alt + F'. \n You can still use Pretty XML command key 'Ctrl + K L' too.\n Linux is supported now."
    },
    {
        "version": "1.3.2",
        "updateNotes": "🆕 Now you can set Pretty XML as your default XML formatter.\n Once done you can use formatting keybind to format, default is usually 'Shift + Alt + F'. \n You can still use Pretty XML command key 'Ctrl + K L' too.\n Linux is supported now."
    },
    {
        "version": "1.3.3",
        "updateNotes": "🆕 Now you can set Pretty XML as your default XML formatter.\n Once done you can use formatting keybind to format, default is usually 'Shift + Alt + F'. \n You can still use Pretty XML command key 'Ctrl + K L' too.\n Linux is supported now."
    },
    {
        "version": "1.3.4",
        "updateNotes": "🆕 Now you can set Pretty XML as your default XML formatter.\n Once done you can use formatting keybind to format, default is usually 'Shift + Alt + F'. \n You can still use Pretty XML command key 'Ctrl + K L' too.\n Linux is supported now."
    },
    {
        "version": "1.4.0",
        "updateNotes": "🆕 Now you can set Pretty XML as your default XML formatter.\n Once done you can use formatting keybind to format, default is usually 'Shift + Alt + F'. \n You can still use Pretty XML command key 'Ctrl + K L' too.\n Linux is supported now."
    },
    {
        "version": "1.5.0",
        "updateNotes": "Pretty XML updated to version 1.5.0.\n [See what's new](https://github.com/pmahend1/PrettyXML/blob/main/CHANGELOG.md#150-27-mar-2022)"
    },
    {
        "version": "1.5.1",
        "updateNotes": "Pretty XML updated to version 1.5.1.\n [See what's new](https://github.com/pmahend1/PrettyXML/blob/main/CHANGELOG.md#151-27-mar-2022)"
    },
    {
        "version": "1.5.2",
        "updateNotes": "Pretty XML updated to version 1.5.2.\n [See what's new](https://github.com/pmahend1/PrettyXML/blob/main/CHANGELOG.md#152-01-apr-2022)"
    },
    {
        "version": "1.5.3",
        "updateNotes": "Pretty XML updated to version 1.5.3.\n [See what's new](https://github.com/pmahend1/PrettyXML/blob/main/CHANGELOG.md#153-04-apr-2022)"
    },
    {
        "version": "1.6.0",
        "updateNotes": "Pretty XML updated to version 1.6.0.\n [See what's new](https://github.com/pmahend1/PrettyXML/blob/main/CHANGELOG.md#160-18-apr-2022)"
    },
    {
        "version": "1.6.1",
        "updateNotes": "Pretty XML updated to version 1.6.1.\n [See what's new](https://github.com/pmahend1/PrettyXML/blob/main/CHANGELOG.md#161-18-apr-2022)"
    }
]